{"stats":{"minecraft:used":{"minecraft:stone_pickaxe":79,"minecraft:wooden_pickaxe":16,"minecraft:stone_axe":1,"minecraft:torch":10,"minecraft:cobblestone":29,"minecraft:dirt":9,"minecraft:crafting_table":1},"minecraft:picked_up":{"minecraft:cocoa_beans":17,"minecraft:crafting_table":1,"minecraft:jungle_log":6,"minecraft:torch":1,"minecraft:oak_log":1,"minecraft:dirt":9,"minecraft:wheat_seeds":1,"minecraft:sugar_cane":6,"minecraft:coal":53,"minecraft:cobblestone":53},"minecraft:crafted":{"minecraft:wooden_sword":1,"minecraft:oak_planks":4,"minecraft:crafting_table":1,"minecraft:stick":12,"minecraft:wooden_pickaxe":1,"minecraft:stone_pickaxe":1,"minecraft:stone_sword":1,"minecraft:torch":16,"minecraft:stone_axe":1,"minecraft:jungle_planks":24},"minecraft:mined":{"minecraft:seagrass":1,"minecraft:jungle_leaves":1,"minecraft:crafting_table":1,"minecraft:grass":12,"minecraft:grass_block":9,"minecraft:coal_ore":39,"minecraft:oak_log":2,"minecraft:cocoa":7,"minecraft:vine":2,"minecraft:jungle_log":6,"minecraft:stone":53,"minecraft:sugar_cane":3,"minecraft:oak_leaves":7,"minecraft:wall_torch":1,"minecraft:fern":1},"minecraft:custom":{"minecraft:time_since_rest":11062,"minecraft:sprint_one_cm":13884,"minecraft:damage_taken":230,"minecraft:walk_one_cm":34839,"minecraft:swim_one_cm":3547,"minecraft:interact_with_crafting_table":3,"minecraft:fly_one_cm":7316,"minecraft:crouch_one_cm":1314,"minecraft:play_one_minute":11062,"minecraft:sneak_time":293,"minecraft:walk_under_water_one_cm":2160,"minecraft:jump":118,"minecraft:walk_on_water_one_cm":652,"minecraft:time_since_death":11062,"minecraft:climb_one_cm":962,"minecraft:fall_one_cm":2564}},"DataVersion":2586}