{"stats":{"minecraft:used":{"minecraft:stone_pickaxe":79,"minecraft:wooden_pickaxe":16,"minecraft:cooked_salmon":2,"minecraft:salmon":6,"minecraft:stone_axe":61,"minecraft:torch":13,"minecraft:cobblestone":29,"minecraft:dirt":9,"minecraft:crafting_table":2,"minecraft:furnace":1,"minecraft:jungle_planks":36},"minecraft:picked_up":{"minecraft:cocoa_beans":58,"minecraft:crafting_table":3,"minecraft:salmon":10,"minecraft:jungle_log":19,"minecraft:torch":5,"minecraft:porkchop":9,"minecraft:jungle_planks":9,"minecraft:oak_log":1,"minecraft:ink_sac":4,"minecraft:dirt":9,"minecraft:stone_axe":1,"minecraft:wheat_seeds":1,"minecraft:jungle_sapling":1,"minecraft:bamboo":30,"minecraft:sugar_cane":6,"minecraft:cod":8,"minecraft:coal":53,"minecraft:cobblestone":55},"minecraft:dropped":{"minecraft:stone_axe":1,"minecraft:sugar_cane":6,"minecraft:porkchop":9,"minecraft:wheat_seeds":1,"minecraft:stone_sword":1,"minecraft:ink_sac":4,"minecraft:torch":8,"minecraft:cocoa_beans":29,"minecraft:crafting_table":2,"minecraft:jungle_sapling":1,"minecraft:cobblestone":10,"minecraft:wooden_sword":1,"minecraft:bamboo":30,"minecraft:jungle_planks":21,"minecraft:wooden_pickaxe":1,"minecraft:cod":8},"minecraft:crafted":{"minecraft:wooden_sword":1,"minecraft:oak_planks":4,"minecraft:crafting_table":1,"minecraft:stick":12,"minecraft:cooked_salmon":2,"minecraft:wooden_pickaxe":1,"minecraft:stone_pickaxe":1,"minecraft:stone_sword":1,"minecraft:furnace":1,"minecraft:torch":16,"minecraft:stone_axe":1,"minecraft:jungle_planks":76},"minecraft:killed":{"minecraft:salmon":10,"minecraft:cod":3},"minecraft:mined":{"minecraft:seagrass":1,"minecraft:jungle_leaves":7,"minecraft:crafting_table":1,"minecraft:grass":15,"minecraft:grass_block":9,"minecraft:coal_ore":39,"minecraft:oak_log":2,"minecraft:cocoa":17,"minecraft:vine":7,"minecraft:jungle_log":22,"minecraft:stone":53,"minecraft:sugar_cane":3,"minecraft:oak_leaves":8,"minecraft:wall_torch":1,"minecraft:fern":1},"minecraft:custom":{"minecraft:time_since_rest":23062,"minecraft:interact_with_furnace":3,"minecraft:sprint_one_cm":17219,"minecraft:damage_taken":260,"minecraft:walk_one_cm":66514,"minecraft:mob_kills":13,"minecraft:drop":26,"minecraft:damage_dealt":434,"minecraft:swim_one_cm":16816,"minecraft:interact_with_crafting_table":4,"minecraft:fly_one_cm":10774,"minecraft:crouch_one_cm":3579,"minecraft:play_one_minute":23062,"minecraft:sneak_time":862,"minecraft:walk_under_water_one_cm":14262,"minecraft:jump":220,"minecraft:walk_on_water_one_cm":8983,"minecraft:time_since_death":23062,"minecraft:climb_one_cm":2217,"minecraft:fall_one_cm":3130}},"DataVersion":2586}