{"stats":{"minecraft:used":{"minecraft:wooden_pickaxe":1,"minecraft:salmon":1,"minecraft:stone_axe":20,"minecraft:wooden_sword":9,"minecraft:crafting_table":1},"minecraft:picked_up":{"minecraft:cocoa_beans":41,"minecraft:crafting_table":2,"minecraft:salmon":1,"minecraft:jungle_log":5,"minecraft:torch":8,"minecraft:wooden_pickaxe":1,"minecraft:porkchop":5,"minecraft:jungle_planks":22,"minecraft:ink_sac":2,"minecraft:dirt":5,"minecraft:wooden_sword":1,"minecraft:stone_sword":1,"minecraft:stone_axe":1,"minecraft:wheat_seeds":1,"minecraft:bamboo":18,"minecraft:sugar_cane":6,"minecraft:cod":14,"minecraft:cobblestone":10},"minecraft:dropped":{"minecraft:wooden_sword":1,"minecraft:wooden_pickaxe":1},"minecraft:crafted":{"minecraft:cooked_cod":1,"minecraft:crafting_table":1,"minecraft:stick":4,"minecraft:stone_pickaxe":1,"minecraft:cooked_salmon":2,"minecraft:stone_axe":1,"minecraft:jungle_planks":8},"minecraft:mined":{"minecraft:jungle_leaves":3,"minecraft:crafting_table":1,"minecraft:grass_block":3,"minecraft:vine":1,"minecraft:jungle_planks":1,"minecraft:cocoa":3,"minecraft:jungle_log":5,"minecraft:dirt":2,"minecraft:bamboo":1},"minecraft:killed":{"minecraft:zombie":1,"minecraft:pig":2,"minecraft:salmon":3,"minecraft:cod":5},"minecraft:custom":{"minecraft:time_since_rest":5140,"minecraft:interact_with_furnace":3,"minecraft:sprint_one_cm":9325,"minecraft:damage_taken":250,"minecraft:walk_one_cm":13227,"minecraft:mob_kills":11,"minecraft:drop":2,"minecraft:damage_dealt":618,"minecraft:swim_one_cm":13189,"minecraft:interact_with_crafting_table":2,"minecraft:fly_one_cm":7441,"minecraft:play_one_minute":11232,"minecraft:deaths":1,"minecraft:walk_under_water_one_cm":5097,"minecraft:jump":81,"minecraft:walk_on_water_one_cm":5158,"minecraft:time_since_death":5080,"minecraft:climb_one_cm":441,"minecraft:fall_one_cm":1908},"minecraft:killed_by":{"minecraft:creeper":1}},"DataVersion":2586}